name,Age in days,Stars per day,Issues per star ratio
tensorflow,3771,51.4476266242376,0.018622847393677613
pytorch,3491,28.06588370094529,0.18463328502316848
scikit-learn,5679,11.497446733579856,0.03269825711397678
